<?xml version="1.0" encoding="utf-8"?>
<extension
type="module"
version="3.0"
method="upgrade"
client="administrator"> 
<name>Latest Extensions</name>
<creationDate>April 2013</creationDate>
<author>Tim Plummer</author> 
<authorEmail>example@packtpub.com</authorEmail>
<authorUrl>http://packtpub.com</authorUrl>
<copyright>Copyright  (C)  2013  Packt  Publishing.  All  rights
reserved.</copyright>
<license>GNU GPL</license>
<version>1.1.0</version>
<description>Displays  the  most  recently  installed  extensions.
</description>
<files>
<filename
module="mod_latestextensions">mod_latestextensions.php</filename>
<filename>helper.php</filename>
<filename>index.html</filename>
<folder>tmpl</folder>
</files>
<languages>
	<language tag="en-GB">language/en-GB/en-GB.mod_latestextensions.ini</language>
</languages>

<help url="HELP_EXTENSIONS_MODULE_LATESTEXTENSION_URL"/>
<media destination="mod_latestextension" folder="media">
	<filename>index.html</filename>
	<folder>css</folder>
</media>	
<config>
<fields name="params">
<fieldset name="basic">
<field  name="count"  type="text"  default="5"  label="Count"
description="The number of items to display (default is 5)" /> 
</fieldset>
<fieldset name="advanced">
	<field name="layout" type="modulelayout" label="JFIELD_ALT_LAYOUT_LABEL" description="JFIELD_ALT_LAYOUT_DESC"/> 
<field
name="moduleclass_sfx"
type="text"
label="COM_MODULES_FIELD_MODULECLASS_SFX_LABEL"
description="COM_MODULES_FIELD_MODULECLASS_SFX_DESC" />
</fieldset>
</fields>
</config>
</extension>